,author,count,surname,race
392,f shyllon,16,shyllon,"GreaterEuropean,British"
617,k siehr,9,siehr,"GreaterEuropean,Jewish"
558,jar nafziger,5,nafziger,"GreaterEuropean,WestEuropean,Germanic"
534,j nevadomsky,5,nevadomsky,"GreaterEuropean,EastEuropean"
214,c renfrew,4,renfrew,"GreaterEuropean,British"
514,j cuno,4,cuno,"GreaterEuropean,WestEuropean,Hispanic"
666,l witz,4,witz,"GreaterEuropean,Jewish"
680,lv prott,4,prott,"GreaterEuropean,British"
415,g minkley,4,minkley,"GreaterEuropean,British"
371,f bodenstein,4,bodenstein,"GreaterEuropean,Jewish"
281,d lowenthal,4,lowenthal,"GreaterEuropean,British"
213,c rassool,4,rassool,"GreaterAfrican,Muslim"
154,b savoy,4,savoy,"GreaterEuropean,WestEuropean,French"
1017,t ojaide,3,ojaide,"Asian,IndianSubContinent"
633,l amineddoleh,3,amineddoleh,"GreaterAfrican,Muslim"
308,e barkan,3,barkan,"GreaterAfrican,Muslim"
833,p davis,3,davis,"GreaterEuropean,British"
782,n brodie,3,brodie,"GreaterEuropean,British"
724,m mugabowagahunde,3,mugabowagahunde,"GreaterAfrican,Africans"
624,ka appiah,3,appiah,"GreaterAfrican,Africans"
865,p verger,3,verger,"GreaterEuropean,Jewish"
4,a apter,3,apter,"GreaterEuropean,Jewish"
602,k hill,3,hill,"GreaterEuropean,British"
1073,z liu,3,liu,"Asian,GreaterEastAsian,EastAsian"
1,a adewumi,3,adewumi,"GreaterAfrican,Africans"
569,jh merryman,3,merryman,"GreaterEuropean,Jewish"
550,j van beurden,3,van beurden,"GreaterEuropean,WestEuropean,Germanic"
857,p probst,3,probst,"GreaterEuropean,British"
323,e ficquet,3,ficquet,"GreaterEuropean,WestEuropean,French"
557,ja robinson,3,robinson,"GreaterEuropean,British"
217,c scott,3,scott,"GreaterEuropean,British"
222,c stahn,3,stahn,"GreaterEuropean,Jewish"
96,ae coombes,3,coombes,"GreaterEuropean,British"
257,d acemoglu,3,acemoglu,"GreaterEuropean,WestEuropean,Italian"
916,re howard-hassmann,3,howard-hassmann,"GreaterEuropean,WestEuropean,Germanic"
26,a gallay,3,gallay,"GreaterEuropean,WestEuropean,French"
877,r aldrich,3,aldrich,"GreaterEuropean,EastEuropean"
921,rk paterson,3,paterson,"GreaterEuropean,British"
218,c seignobos,2,seignobos,"GreaterEuropean,WestEuropean,Hispanic"
544,j stanyard,2,stanyard,"GreaterEuropean,British"
142,b lawal,2,lawal,"GreaterAfrican,Muslim"
464,h lebovics,2,lebovics,"GreaterEuropean,Jewish"
225,c trautmann-waller,2,trautmann-waller,"GreaterEuropean,WestEuropean,Germanic"
232,c wingfield,2,wingfield,"GreaterEuropean,British"
509,j blake,2,blake,"GreaterEuropean,British"
239,ci njoku,2,njoku,"GreaterAfrican,Africans"
491,i pezzini,2,pezzini,"GreaterEuropean,WestEuropean,Italian"
471,h tourneux,2,tourneux,"GreaterEuropean,WestEuropean,French"
240,cj spring,2,spring,"GreaterEuropean,British"
278,d hicks,2,hicks,"GreaterEuropean,British"
160,bca marcelino,2,marcelino,"GreaterEuropean,WestEuropean,Italian"
273,d frere,2,frere,"GreaterEuropean,British"
245,cm peng,2,peng,"Asian,GreaterEastAsian,EastAsian"
438,gj witkowski,2,witkowski,"GreaterEuropean,WestEuropean,Germanic"
182,c deliss,2,deliss,"GreaterEuropean,WestEuropean,French"
192,c ianniciello,2,ianniciello,"GreaterEuropean,WestEuropean,Italian"
391,f sarr,2,sarr,"GreaterEuropean,British"
379,f greenland,2,greenland,"GreaterEuropean,British"
195,c jeppesen,2,jeppesen,"GreaterEuropean,WestEuropean,Nordic"
320,e edwards,2,edwards,"GreaterEuropean,British"
316,e colombey,2,colombey,"GreaterEuropean,British"
272,d forde,2,forde,"GreaterEuropean,WestEuropean,Hispanic"
554,j zetterstrom-sharp,2,zetterstrom-sharp,"GreaterEuropean,British"
460,h howes,2,howes,"GreaterEuropean,British"
0,a adebajo,2,adebajo,"GreaterAfrican,Africans"
561,jbw de grecourt,2,de grecourt,"GreaterEuropean,WestEuropean,French"
984,sk kent,2,kent,"GreaterEuropean,British"
905,r peters,2,peters,"GreaterEuropean,British"
918,rg berry,2,berry,"GreaterEuropean,British"
949,s longair,2,longair,"GreaterEuropean,British"
957,s picton,2,picton,"GreaterEuropean,British"
972,sa hardy,2,hardy,"GreaterEuropean,British"
974,sb chebanenko,2,chebanenko,"GreaterEuropean,EastEuropean"
977,se weil,2,weil,"GreaterEuropean,Jewish"
979,sh dudley,2,dudley,"GreaterEuropean,British"
1002,t beaufils,2,beaufils,"GreaterEuropean,British"
868,pdund du progres,2,du progres,"GreaterEuropean,WestEuropean,French"
1008,t jenkins,2,jenkins,"GreaterEuropean,British"
1019,t thiemeyer,2,thiemeyer,"GreaterEuropean,WestEuropean,Germanic"
1027,u eco,2,eco,"GreaterEuropean,WestEuropean,Hispanic"
1032,v bellelli,2,bellelli,"GreaterEuropean,WestEuropean,Italian"
1035,v golding,2,golding,"GreaterEuropean,British"
1050,w klooster,2,klooster,"GreaterEuropean,Jewish"
1066,y gagou,2,gagou,"GreaterAfrican,Africans"
1075,zs strother,2,strother,"GreaterEuropean,British"
889,r dhaouadi,2,dhaouadi,"GreaterAfrican,Muslim"
866,p wood,2,wood,"GreaterEuropean,British"
578,jm carey,2,carey,"GreaterEuropean,British"
727,m o'neill,2,o'neill,"GreaterEuropean,British"
582,jn oriji,2,oriji,"Asian,GreaterEastAsian,Japanese"
586,jp feldman,2,feldman,"GreaterEuropean,Jewish"
606,k lagat,2,lagat,"GreaterEuropean,WestEuropean,French"
113,ap lombardo,2,lombardo,"GreaterEuropean,WestEuropean,Italian"
626,kg siehr,2,siehr,"GreaterEuropean,Jewish"
628,kl campbell,2,campbell,"GreaterEuropean,British"
646,l forster,2,forster,"GreaterEuropean,British"
699,m du plessis,2,du plessis,"GreaterEuropean,WestEuropean,French"
729,m orabona,2,orabona,"GreaterEuropean,WestEuropean,Italian"
837,p dupont,2,dupont,"GreaterEuropean,WestEuropean,French"
734,m quadraro,2,quadraro,"GreaterEuropean,WestEuropean,Italian"
737,m skrydstrup,2,skrydstrup,"GreaterEuropean,WestEuropean,Nordic"
746,m wilson,2,wilson,"GreaterEuropean,British"
786,n greani,2,greani,"GreaterEuropean,WestEuropean,Italian"
800,ngw curtis,2,curtis,"GreaterEuropean,British"
805,o akenzua ii,2,akenzua ii,"GreaterAfrican,Muslim"
829,p boele van hensbroek,2,boele van hensbroek,"GreaterEuropean,WestEuropean,Germanic"
835,p decraene,2,decraene,"GreaterEuropean,WestEuropean,French"
140,b kuster,2,kuster,"GreaterEuropean,Jewish"
539,j picton,2,picton,"GreaterEuropean,British"
93,ab collective,2,collective,"GreaterEuropean,British"
12,a de angelis,2,de angelis,"GreaterEuropean,WestEuropean,Italian"
85,a weigand,2,weigand,"GreaterEuropean,British"
49,a michael,2,michael,"GreaterEuropean,British"
24,a frega,2,frega,"GreaterEuropean,WestEuropean,Hispanic"
103,al araujo,2,araujo,"GreaterEuropean,WestEuropean,Hispanic"
88,aa adewumi,2,adewumi,"GreaterAfrican,Africans"
7,a breton,2,breton,"GreaterEuropean,British"
755,mc gonzalez-prats,1,gonzalez-prats,"GreaterEuropean,EastEuropean"
754,mc gamberini,1,gamberini,"GreaterEuropean,WestEuropean,Italian"
761,mg anderson,1,anderson,"GreaterEuropean,British"
756,me montle,1,montle,"GreaterEuropean,British"
757,me plante,1,plante,"GreaterEuropean,WestEuropean,Hispanic"
753,mc durkee,1,durkee,"Asian,IndianSubContinent"
758,me snodgrass,1,snodgrass,"GreaterEuropean,British"
759,me straumanis,1,straumanis,"GreaterEuropean,WestEuropean,Italian"
760,mf rarey,1,rarey,"GreaterEuropean,WestEuropean,French"
752,mc cunha,1,cunha,"GreaterEuropean,WestEuropean,Hispanic"
763,mgm lambert,1,lambert,"GreaterEuropean,British"
762,mg stanard,1,stanard,"GreaterEuropean,British"
750,mc ball,1,ball,"GreaterEuropean,British"
764,mh lima,1,lima,"GreaterEuropean,WestEuropean,Hispanic"
765,mh mai,1,mai,"Asian,GreaterEastAsian,EastAsian"
766,mj reppas,1,reppas,"GreaterEuropean,WestEuropean,Hispanic"
767,mk gallery,1,gallery,"GreaterEuropean,British"
768,ml bastian,1,bastian,"Asian,IndianSubContinent"
769,mm kersel,1,kersel,"GreaterEuropean,Jewish"
770,mo aguilera,1,aguilera,"GreaterEuropean,WestEuropean,Hispanic"
771,mp brown,1,brown,"GreaterEuropean,British"
772,mp bueno,1,bueno,"GreaterEuropean,WestEuropean,Hispanic"
751,mc calafat,1,calafat,"GreaterEuropean,WestEuropean,Italian"
749,mc annequin,1,annequin,"GreaterEuropean,WestEuropean,French"
774,mr hoffman,1,hoffman,"GreaterEuropean,Jewish"
733,m pule,1,pule,"GreaterEuropean,British"
720,m masurovsky,1,masurovsky,"GreaterEuropean,EastEuropean"
721,m matera,1,matera,"GreaterEuropean,WestEuropean,Hispanic"
722,m mead,1,mead,"GreaterEuropean,British"
723,m mockery,1,mockery,"GreaterEuropean,British"
45,a malraux,1,malraux,"GreaterEuropean,WestEuropean,French"
725,m murphy,1,murphy,"GreaterEuropean,British"
726,m newitt,1,newitt,"GreaterEuropean,British"
44,a loyau,1,loyau,"GreaterEuropean,WestEuropean,French"
728,m okediji,1,okediji,"Asian,GreaterEastAsian,Japanese"
43,a logvin,1,logvin,"GreaterEuropean,Jewish"
730,m pandilovski,1,pandilovski,"GreaterEuropean,EastEuropean"
731,m pavis,1,pavis,"GreaterEuropean,British"
732,m pierre,1,pierre,"GreaterEuropean,WestEuropean,French"
42,a lester,1,lester,"GreaterEuropean,British"
748,ma drumbl,1,drumbl,"GreaterEuropean,Jewish"
735,m rukuni,1,rukuni,"Asian,GreaterEastAsian,Japanese"
736,m simpson,1,simpson,"GreaterEuropean,British"
41,a lazari,1,lazari,"GreaterEuropean,WestEuropean,Italian"
738,m smart,1,smart,"GreaterEuropean,British"
739,m smith,1,smith,"GreaterEuropean,British"
740,m sweden,1,sweden,"GreaterEuropean,WestEuropean,Nordic"
741,m therasse,1,therasse,"GreaterEuropean,WestEuropean,French"
742,m twitchin,1,twitchin,"GreaterEuropean,British"
743,m valentin,1,valentin,"GreaterEuropean,WestEuropean,French"
744,m von oswald,1,von oswald,"GreaterEuropean,WestEuropean,Germanic"
745,m weller,1,weller,"GreaterEuropean,British"
40,a layiwola,1,layiwola,"GreaterAfrican,Africans"
747,ma bonilla,1,bonilla,"GreaterEuropean,WestEuropean,Hispanic"
773,mpj aganbi,1,aganbi,"GreaterAfrican,Africans"
776,mr picavet,1,picavet,"GreaterEuropean,WestEuropean,French"
775,mr martin,1,martin,"GreaterEuropean,British"
806,o alberti,1,alberti,"GreaterEuropean,WestEuropean,Italian"
808,o hind,1,hind,"GreaterEuropean,British"
809,o le monument,1,le monument,"GreaterEuropean,WestEuropean,French"
810,o maduakor,1,maduakor,"Asian,GreaterEastAsian,EastAsian"
811,o meyer,1,meyer,"GreaterEuropean,Jewish"
812,o nao,1,nao,"Asian,GreaterEastAsian,EastAsian"
813,o ndibe,1,ndibe,"GreaterAfrican,Africans"
814,o nwafor,1,nwafor,"GreaterAfrican,Africans"
815,o nwakanma,1,nwakanma,"GreaterAfrican,Africans"
816,o zabalueva,1,zabalueva,"GreaterEuropean,EastEuropean"
817,ob agbaka,1,agbaka,"GreaterAfrican,Africans"
818,oe orisakwe,1,orisakwe,"GreaterAfrican,Africans"
819,oj afeagbokhai,1,afeagbokhai,"GreaterEuropean,British"
820,om osiki,1,osiki,"Asian,GreaterEastAsian,Japanese"
821,oo oguibe,1,oguibe,"GreaterEuropean,British"
822,oo shyllon,1,shyllon,"GreaterEuropean,British"
823,op gosselain,1,gosselain,"GreaterEuropean,WestEuropean,French"
824,p abrams,1,abrams,"GreaterEuropean,Jewish"
825,p anderson,1,anderson,"GreaterEuropean,British"
826,p basil,1,basil,"Asian,IndianSubContinent"
827,p basu,1,basu,"Asian,IndianSubContinent"
828,p birnbaum,1,birnbaum,"GreaterEuropean,Jewish"
35,a herman,1,herman,"GreaterEuropean,Jewish"
830,p brock,1,brock,"GreaterEuropean,British"
831,p brown,1,brown,"GreaterEuropean,British"
832,p darling,1,darling,"GreaterEuropean,British"
34,a helps,1,helps,"GreaterEuropean,British"
834,p de roo,1,de roo,"GreaterEuropean,British"
807,o grasmuck,1,grasmuck,"GreaterEuropean,British"
36,a ibidapo-obe,1,ibidapo-obe,"GreaterAfrican,Africans"
718,m marochini,1,marochini,"GreaterEuropean,WestEuropean,Italian"
804,nv grangeat,1,grangeat,"GreaterEuropean,British"
777,ms dipoko,1,dipoko,"GreaterAfrican,Africans"
778,ms ounanian,1,ounanian,"GreaterAfrican,Africans"
779,my georges,1,georges,"GreaterEuropean,British"
780,myw wan,1,wan,"Asian,GreaterEastAsian,EastAsian"
781,mz opubor,1,opubor,"Asian,IndianSubContinent"
39,a lagamma,1,lagamma,"GreaterEuropean,WestEuropean,Italian"
783,n caban,1,caban,"GreaterEuropean,Jewish"
784,n chavoz,1,chavoz,"GreaterEuropean,WestEuropean,French"
785,n curtis,1,curtis,"GreaterEuropean,British"
38,a jonaitis,1,jonaitis,"GreaterEuropean,WestEuropean,French"
787,n lahiri,1,lahiri,"GreaterAfrican,Muslim"
788,n lapierre,1,lapierre,"GreaterEuropean,WestEuropean,French"
789,n le roux,1,le roux,"GreaterEuropean,WestEuropean,French"
790,n nielsen,1,nielsen,"GreaterEuropean,WestEuropean,Nordic"
791,n saro-wiwa,1,saro-wiwa,"GreaterAfrican,Africans"
792,n speciaux,1,speciaux,"GreaterEuropean,WestEuropean,French"
793,n thurn,1,thurn,"GreaterEuropean,British"
794,na anyidoho,1,anyidoho,"GreaterAfrican,Africans"
795,na randolph,1,randolph,"GreaterEuropean,British"
796,nao oumarou,1,oumarou,"GreaterAfrican,Africans"
797,nb kemle,1,kemle,"GreaterEuropean,British"
798,nc ezeluomba,1,ezeluomba,"GreaterAfrican,Africans"
799,ng curtis,1,curtis,"GreaterEuropean,British"
37,a jakubowski,1,jakubowski,"GreaterEuropean,Jewish"
801,nk nicklin,1,nicklin,"GreaterEuropean,British"
802,nonl des systemes,1,des systemes,"GreaterEuropean,WestEuropean,French"
803,ns tchandeu,1,tchandeu,"GreaterAfrican,Africans"
719,m masters,1,masters,"GreaterEuropean,British"
109,am nicgorski,1,nicgorski,"GreaterEuropean,British"
717,m louw,1,louw,"GreaterAfrican,Africans"
657,l perez-prat durban,1,perez-prat durban,"GreaterEuropean,WestEuropean,French"
51,a modigliani,1,modigliani,"GreaterEuropean,WestEuropean,Italian"
629,kl da costa,1,da costa,"GreaterEuropean,WestEuropean,Hispanic"
630,kt opoku,1,opoku,"GreaterEuropean,British"
631,l agius,1,agius,"GreaterEuropean,WestEuropean,Italian"
632,l alayande,1,alayande,"Asian,IndianSubContinent"
50,a mignosa,1,mignosa,"GreaterEuropean,WestEuropean,Hispanic"
634,l arzel,1,arzel,"GreaterEuropean,Jewish"
635,l atlani-duault,1,atlani-duault,"GreaterAfrican,Muslim"
636,l auvray,1,auvray,"GreaterEuropean,WestEuropean,French"
637,l bakare,1,bakare,"GreaterAfrican,Africans"
638,l beaverbrook,1,beaverbrook,"GreaterEuropean,British"
639,l bouby,1,bouby,"GreaterEuropean,British"
640,l chabal,1,chabal,"GreaterEuropean,WestEuropean,French"
641,l cust,1,cust,"GreaterEuropean,British"
642,l de la saussaye,1,de la saussaye,"GreaterEuropean,WestEuropean,French"
643,l de meyer,1,de meyer,"GreaterEuropean,WestEuropean,French"
644,l durtain,1,durtain,"GreaterEuropean,WestEuropean,French"
645,l el-gendi,1,el-gendi,"GreaterAfrican,Muslim"
647,l france,1,france,"GreaterEuropean,British"
648,l gallimardet,1,gallimardet,"GreaterEuropean,WestEuropean,French"
649,l gifford,1,gifford,"GreaterEuropean,British"
650,l gonse,1,gonse,"GreaterEuropean,British"
651,l hannover,1,hannover,"GreaterEuropean,British"
652,l hughes,1,hughes,"GreaterEuropean,British"
653,l jewell,1,jewell,"GreaterEuropean,British"
654,l la follette,1,la follette,"GreaterEuropean,WestEuropean,French"
655,l leveque,1,leveque,"GreaterEuropean,WestEuropean,French"
627,kj tolson,1,tolson,"GreaterEuropean,British"
52,a nave,1,nave,"GreaterEuropean,British"
625,ke bjornberg,1,bjornberg,"GreaterEuropean,Jewish"
610,k ogbaa,1,ogbaa,"GreaterAfrican,Africans"
598,k declercq,1,declercq,"GreaterEuropean,WestEuropean,French"
599,k goepfert,1,goepfert,"GreaterEuropean,WestEuropean,Germanic"
600,k gyekye,1,gyekye,"GreaterAfrican,Africans"
601,k hausler,1,hausler,"GreaterEuropean,WestEuropean,Germanic"
56,a pawłowska,1,pawłowska,"GreaterEuropean,EastEuropean"
603,k hock,1,hock,"GreaterEuropean,British"
604,k howard,1,howard,"GreaterEuropean,British"
605,k karlzen,1,karlzen,"GreaterEuropean,WestEuropean,Germanic"
55,a okunade,1,okunade,"Asian,GreaterEastAsian,Japanese"
607,k matereke,1,matereke,"GreaterAfrican,Africans"
608,k noack,1,noack,"GreaterEuropean,British"
609,k nooyens,1,nooyens,"GreaterEuropean,British"
611,k opoku,1,opoku,"GreaterEuropean,British"
53,a ntonfo,1,ntonfo,"GreaterAfrican,Africans"
612,k otto,1,otto,"GreaterEuropean,WestEuropean,Germanic"
613,k pinther,1,pinther,"GreaterEuropean,British"
614,k ray,1,ray,"GreaterEuropean,British"
615,k sibiril,1,sibiril,"GreaterAfrican,Muslim"
616,k sieg,1,sieg,"GreaterEuropean,Jewish"
54,a ogundipe,1,ogundipe,"GreaterAfrican,Africans"
618,k sinclair,1,sinclair,"GreaterEuropean,British"
619,k smith,1,smith,"GreaterEuropean,British"
620,k stroeken,1,stroeken,"GreaterEuropean,British"
621,k vereycken,1,vereycken,"GreaterEuropean,British"
622,k wiredu,1,wiredu,"GreaterAfrican,Africans"
623,k youcef tani,1,youcef tani,"GreaterEuropean,Jewish"
656,l li,1,li,"Asian,GreaterEastAsian,EastAsian"
658,l robert,1,robert,"GreaterEuropean,WestEuropean,French"
716,m lebailly,1,lebailly,"GreaterEuropean,WestEuropean,French"
659,l saint-raymond,1,saint-raymond,"GreaterEuropean,British"
690,m bouffioux,1,bouffioux,"GreaterEuropean,WestEuropean,French"
691,m bowles,1,bowles,"GreaterEuropean,British"
692,m braud,1,braud,"GreaterEuropean,British"
693,m bult,1,bult,"GreaterEuropean,British"
694,m cisse,1,cisse,"GreaterAfrican,Africans"
695,m crum,1,crum,"GreaterEuropean,British"
696,m de vlaminck,1,de vlaminck,"GreaterEuropean,WestEuropean,French"
697,m de waele,1,de waele,"GreaterEuropean,British"
698,m diagne,1,diagne,"GreaterEuropean,WestEuropean,French"
46,a marr,1,marr,"GreaterEuropean,British"
700,m du quai branly,1,du quai branly,"GreaterEuropean,WestEuropean,French"
701,m erlich,1,erlich,"GreaterEuropean,EastEuropean"
702,m feugere,1,feugere,"GreaterEuropean,WestEuropean,French"
703,m flitsch,1,flitsch,"GreaterEuropean,Jewish"
704,m francozo,1,francozo,"GreaterEuropean,WestEuropean,Hispanic"
705,m frassetto,1,frassetto,"GreaterEuropean,WestEuropean,Italian"
706,m guy,1,guy,"GreaterEuropean,WestEuropean,French"
707,m hall,1,hall,"GreaterEuropean,British"
708,m israel,1,israel,"GreaterEuropean,Jewish"
709,m iverson,1,iverson,"GreaterEuropean,British"
710,m izard,1,izard,"GreaterEuropean,WestEuropean,French"
711,m jeudy-ballini,1,jeudy-ballini,"GreaterEuropean,WestEuropean,Italian"
712,m jones,1,jones,"GreaterEuropean,British"
713,m kadar,1,kadar,"Asian,IndianSubContinent"
714,m kristmanson,1,kristmanson,"GreaterEuropean,Jewish"
715,m lambert,1,lambert,"GreaterEuropean,British"
836,p des villes,1,des villes,"GreaterEuropean,WestEuropean,French"
689,m besson,1,besson,"GreaterEuropean,WestEuropean,French"
688,m banton,1,banton,"GreaterEuropean,British"
687,m auslander,1,auslander,"GreaterEuropean,British"
672,lc ekechukwu,1,ekechukwu,"GreaterAfrican,Africans"
660,l sariaslan,1,sariaslan,"Asian,IndianSubContinent"
661,l silva,1,silva,"GreaterEuropean,WestEuropean,Hispanic"
662,l smith,1,smith,"GreaterEuropean,British"
663,l update,1,update,"GreaterEuropean,British"
664,l veuillot,1,veuillot,"GreaterEuropean,WestEuropean,French"
665,l vidal,1,vidal,"GreaterEuropean,WestEuropean,Hispanic"
48,a mcclellan,1,mcclellan,"GreaterEuropean,British"
667,la bossebœuf,1,bossebœuf,"GreaterEuropean,WestEuropean,French"
668,la carpolog,1,carpolog,"GreaterEuropean,WestEuropean,Italian"
669,la de,1,de,"Asian,GreaterEastAsian,EastAsian"
670,la lasisi,1,lasisi,"GreaterEuropean,WestEuropean,Italian"
671,la roussin,1,roussin,"GreaterEuropean,WestEuropean,French"
673,led yannick,1,yannick,"GreaterEuropean,British"
686,m archer,1,archer,"GreaterEuropean,British"
674,lfc desnoyer,1,desnoyer,"GreaterEuropean,WestEuropean,French"
675,lh chancellor,1,chancellor,"GreaterEuropean,British"
676,lm helena,1,helena,"GreaterEuropean,WestEuropean,Hispanic"
677,lo ezenweke,1,ezenweke,"GreaterEuropean,British"
678,ls el-gendi,1,el-gendi,"GreaterAfrican,Muslim"
679,lv hendricks,1,hendricks,"GreaterEuropean,British"
47,a mattei,1,mattei,"GreaterEuropean,WestEuropean,Italian"
681,lw kruger,1,kruger,"GreaterEuropean,Jewish"
682,m accensi,1,accensi,"GreaterEuropean,WestEuropean,Italian"
683,m ajayi,1,ajayi,"GreaterAfrican,Africans"
684,m altmann,1,altmann,"GreaterEuropean,WestEuropean,Germanic"
685,m amyuni,1,amyuni,"GreaterEuropean,EastEuropean"
33,a hammond,1,hammond,"GreaterEuropean,British"
840,p fux,1,fux,"GreaterEuropean,WestEuropean,Hispanic"
32,a hager,1,hager,"GreaterEuropean,WestEuropean,Nordic"
13,a de gestion,1,de gestion,"GreaterEuropean,WestEuropean,French"
990,sn nwabara,1,nwabara,"GreaterAfrican,Africans"
991,so idahosa,1,idahosa,"GreaterAfrican,Africans"
992,so ogbechie,1,ogbechie,"GreaterAfrican,Africans"
993,sp bumbacher,1,bumbacher,"GreaterEuropean,WestEuropean,Germanic"
994,spt aylett,1,aylett,"GreaterEuropean,British"
995,sr frey,1,frey,"GreaterEuropean,British"
996,ss stephens,1,stephens,"GreaterEuropean,British"
997,stays cousin,1,cousin,"GreaterEuropean,WestEuropean,French"
998,sv anderson,1,anderson,"GreaterEuropean,British"
999,sw black,1,black,"GreaterEuropean,British"
1000,t acacus,1,acacus,"GreaterEuropean,WestEuropean,Italian"
1001,t argant,1,argant,"GreaterEuropean,British"
1003,t bonnot,1,bonnot,"GreaterEuropean,WestEuropean,French"
988,sm borja,1,borja,"GreaterEuropean,WestEuropean,Italian"
1004,t dreier,1,dreier,"GreaterEuropean,Jewish"
1005,t falola,1,falola,"GreaterEuropean,WestEuropean,Italian"
1006,t harrod,1,harrod,"GreaterEuropean,British"
1007,t hunt,1,hunt,"GreaterEuropean,British"
1009,t kaplani,1,kaplani,"GreaterAfrican,Muslim"
1010,t lachenal,1,lachenal,"GreaterEuropean,WestEuropean,French"
1011,t laely,1,laely,"GreaterEuropean,British"
1012,t mcguire,1,mcguire,"GreaterEuropean,British"
1013,t meszaros,1,meszaros,"GreaterEuropean,WestEuropean,Hispanic"
1014,t meyer,1,meyer,"GreaterEuropean,Jewish"
1015,t muxart,1,muxart,"GreaterEuropean,British"
1016,t obenga,1,obenga,"GreaterAfrican,Africans"
989,sn kalamba,1,kalamba,"GreaterAfrican,Africans"
987,sl wang,1,wang,"Asian,GreaterEastAsian,EastAsian"
1018,t silvino,1,silvino,"GreaterEuropean,WestEuropean,Italian"
18,a dupuis,1,dupuis,"GreaterEuropean,WestEuropean,French"
960,s rocheblave,1,rocheblave,"GreaterEuropean,WestEuropean,French"
961,s sarapani,1,sarapani,"Asian,IndianSubContinent"
962,s shiraiwa,1,shiraiwa,"Asian,GreaterEastAsian,Japanese"
963,s slyomovics,1,slyomovics,"GreaterEuropean,Jewish"
964,s small,1,small,"GreaterEuropean,British"
965,s staniforth,1,staniforth,"GreaterEuropean,British"
966,s tassi,1,tassi,"GreaterAfrican,Muslim"
967,s thiebault,1,thiebault,"GreaterEuropean,WestEuropean,French"
968,s van beurden,1,van beurden,"GreaterEuropean,WestEuropean,Germanic"
969,s vogel,1,vogel,"GreaterEuropean,Jewish"
970,s wang,1,wang,"Asian,GreaterEastAsian,EastAsian"
971,s waxman,1,waxman,"GreaterEuropean,Jewish"
973,sa williams,1,williams,"GreaterEuropean,British"
986,sl gallery,1,gallery,"GreaterEuropean,British"
17,a doquet,1,doquet,"GreaterEuropean,WestEuropean,French"
975,sb diagne,1,diagne,"GreaterEuropean,WestEuropean,French"
976,sdele des jeunes,1,des jeunes,"GreaterEuropean,WestEuropean,French"
16,a desvallees,1,desvallees,"GreaterEuropean,WestEuropean,French"
978,sg kohlstedt,1,kohlstedt,"GreaterEuropean,WestEuropean,Germanic"
15,a delaunois,1,delaunois,"GreaterEuropean,WestEuropean,French"
980,si shahidan,1,shahidan,"GreaterAfrican,Muslim"
981,sj schlegelmilch,1,schlegelmilch,"GreaterEuropean,WestEuropean,Germanic"
982,sj van doornmalen,1,van doornmalen,"GreaterEuropean,WestEuropean,Germanic"
983,sj washington,1,washington,"GreaterEuropean,British"
14,a de noailles,1,de noailles,"GreaterEuropean,WestEuropean,French"
985,sk urice,1,urice,"GreaterEuropean,British"
11,a dauphin,1,dauphin,"GreaterEuropean,WestEuropean,French"
10,a corniche,1,corniche,"GreaterEuropean,British"
958,s plan,1,plan,"GreaterEuropean,British"
1064,xbi altet,1,altet,"GreaterEuropean,WestEuropean,French"
1052,w rodney,1,rodney,"GreaterEuropean,British"
1053,w soyinka,1,soyinka,"GreaterEuropean,EastEuropean"
1054,w thebele,1,thebele,"GreaterEuropean,British"
1055,w veraart,1,veraart,"GreaterEuropean,WestEuropean,Germanic"
1056,w viney,1,viney,"GreaterEuropean,British"
1057,wa gittens,1,gittens,"GreaterEuropean,British"
1058,wh oliver,1,oliver,"GreaterEuropean,British"
1059,wl boyd,1,boyd,"GreaterEuropean,British"
1060,wrr remixed,1,remixed,"GreaterEuropean,WestEuropean,Nordic"
1061,ww vasse,1,vasse,"GreaterEuropean,British"
1062,x malcolm,1,malcolm,"GreaterEuropean,British"
1063,x tremblay,1,tremblay,"GreaterEuropean,British"
1065,y biro,1,biro,"GreaterEuropean,WestEuropean,Hispanic"
6,a baker,1,baker,"GreaterEuropean,British"
5,a araujo,1,araujo,"GreaterEuropean,WestEuropean,Hispanic"
1067,y gandon,1,gandon,"GreaterEuropean,British"
1068,y lee,1,lee,"GreaterEuropean,British"
1069,y luginbuhl,1,luginbuhl,"GreaterEuropean,British"
1070,y potin,1,potin,"GreaterEuropean,WestEuropean,French"
1071,y stavrides,1,stavrides,"GreaterEuropean,British"
1072,ys park,1,park,"Asian,GreaterEastAsian,EastAsian"
3,a appiah,1,appiah,"GreaterAfrican,Africans"
1074,zm mo,1,mo,"Asian,GreaterEastAsian,EastAsian"
2,a appadurai,1,appadurai,"Asian,IndianSubContinent"
1076,г гримме,1,гримме,"GreaterEuropean,WestEuropean,French"
1077,сб чебаненко,1,чебаненко,"GreaterEuropean,WestEuropean,French"
1051,w logan,1,logan,"GreaterEuropean,British"
1049,w hotel,1,hotel,"GreaterEuropean,British"
1020,t welman-hawkes,1,welman-hawkes,"GreaterEuropean,British"
1033,v cedric,1,cedric,"GreaterEuropean,WestEuropean,Italian"
1021,t werneke,1,werneke,"GreaterEuropean,British"
1022,t youngs,1,youngs,"GreaterEuropean,British"
1023,tj zetterstrom sharp,1,zetterstrom sharp,"GreaterEuropean,British"
1024,tk nugent,1,nugent,"GreaterEuropean,British"
1025,tq le,1,le,"Asian,GreaterEastAsian,EastAsian"
1026,tr levine,1,levine,"GreaterEuropean,Jewish"
9,a conradie,1,conradie,"GreaterEuropean,British"
1028,u kockel,1,kockel,"GreaterEuropean,Jewish"
1029,ua ojedokun,1,ojedokun,"GreaterAfrican,Muslim"
1030,uol party,1,party,"GreaterEuropean,British"
1031,uu okonkwo,1,okonkwo,"GreaterAfrican,Africans"
8,a chinua,1,chinua,"GreaterAfrican,Africans"
1034,v ginsburgh,1,ginsburgh,"GreaterEuropean,British"
1048,w carruthers,1,carruthers,"GreaterEuropean,British"
1036,v harms,1,harms,"GreaterEuropean,British"
1037,v hierholzer,1,hierholzer,"GreaterEuropean,WestEuropean,Germanic"
1038,v konig,1,konig,"GreaterEuropean,Jewish"
1039,v kynourgiopoulou,1,kynourgiopoulou,"GreaterAfrican,Africans"
1040,v megaw,1,megaw,"GreaterEuropean,British"
1041,v mirimanov,1,mirimanov,"GreaterEuropean,EastEuropean"
1042,v rovine,1,rovine,"GreaterEuropean,British"
1043,v saleh-hanna,1,saleh-hanna,"GreaterAfrican,Africans"
1044,v shah,1,shah,"Asian,IndianSubContinent"
1045,v soukup,1,soukup,"Asian,IndianSubContinent"
1046,v thompson,1,thompson,"GreaterEuropean,British"
1047,vt hafstein,1,hafstein,"GreaterEuropean,Jewish"
959,s reinach,1,reinach,"GreaterEuropean,Jewish"
19,a erlich,1,erlich,"GreaterEuropean,EastEuropean"
838,p et,1,et,"Asian,GreaterEastAsian,Japanese"
881,r browning,1,browning,"GreaterEuropean,British"
869,pj maas,1,maas,"GreaterEuropean,WestEuropean,Germanic"
870,pk mendy,1,mendy,"GreaterEuropean,British"
871,pm peek,1,peek,"GreaterEuropean,British"
872,pm tricaud,1,tricaud,"GreaterEuropean,WestEuropean,French"
873,pp riquet–toulouse,1,riquet–toulouse,"GreaterEuropean,WestEuropean,French"
874,ps bridel,1,bridel,"GreaterEuropean,British"
875,q deluermoz,1,deluermoz,"GreaterEuropean,WestEuropean,French"
876,q dynasty,1,dynasty,"Asian,IndianSubContinent"
27,a gandonou,1,gandonou,"GreaterAfrican,Africans"
878,r armstrong,1,armstrong,"GreaterEuropean,British"
879,r berangere,1,berangere,"GreaterEuropean,WestEuropean,French"
880,r bickers,1,bickers,"GreaterEuropean,British"
882,r bush,1,bush,"GreaterEuropean,British"
867,pa gilson,1,gilson,"GreaterEuropean,British"
883,r chamberlin,1,chamberlin,"GreaterEuropean,British"
884,r cruz,1,cruz,"GreaterEuropean,WestEuropean,Hispanic"
885,r de la sizeranne,1,de la sizeranne,"GreaterEuropean,WestEuropean,French"
886,r de migration,1,de migration,"GreaterEuropean,WestEuropean,Italian"
887,r denk,1,denk,"GreaterEuropean,British"
888,r depestre,1,depestre,"GreaterEuropean,WestEuropean,French"
25,a galitzine-loumpet,1,galitzine-loumpet,"GreaterEuropean,British"
890,r dibie,1,dibie,"GreaterAfrican,Africans"
891,r east,1,east,"GreaterEuropean,British"
892,r fvue,1,fvue,"GreaterAfrican,Africans"
893,r habermas,1,habermas,"GreaterEuropean,Jewish"
894,r hall,1,hall,"GreaterEuropean,British"
28,a gardner,1,gardner,"GreaterEuropean,British"
29,a giacometti,1,giacometti,"GreaterEuropean,WestEuropean,Italian"
896,r ilori,1,ilori,"GreaterEuropean,WestEuropean,Italian"
851,p layiwola,1,layiwola,"GreaterAfrican,Africans"
839,p forest,1,forest,"GreaterEuropean,WestEuropean,French"
596,jw monroe,1,monroe,"GreaterEuropean,British"
841,p gaehtgens,1,gaehtgens,"GreaterEuropean,WestEuropean,Germanic"
842,p gathercole,1,gathercole,"GreaterEuropean,British"
843,p gauthiez,1,gauthiez,"GreaterEuropean,WestEuropean,French"
844,p gerstenblith,1,gerstenblith,"GreaterEuropean,WestEuropean,Germanic"
845,p gouhot,1,gouhot,"GreaterEuropean,WestEuropean,French"
846,p harcourt,1,harcourt,"GreaterEuropean,British"
847,p howlett-martin,1,howlett-martin,"GreaterEuropean,British"
848,p hulme,1,hulme,"GreaterEuropean,British"
849,p journoud,1,journoud,"GreaterEuropean,WestEuropean,French"
850,p lacroix,1,lacroix,"GreaterEuropean,WestEuropean,French"
852,p lester,1,lester,"GreaterEuropean,British"
30,a girard-muscagorry,1,girard-muscagorry,"GreaterEuropean,British"
853,p mantegazza,1,mantegazza,"GreaterEuropean,WestEuropean,Italian"
854,p miquel,1,miquel,"GreaterEuropean,WestEuropean,Hispanic"
855,p paris,1,paris,"GreaterEuropean,WestEuropean,French"
856,p petrequin,1,petrequin,"GreaterEuropean,WestEuropean,French"
31,a gob,1,gob,"GreaterEuropean,Jewish"
858,p puccini,1,puccini,"GreaterEuropean,WestEuropean,Italian"
859,p puy-denis,1,puy-denis,"GreaterEuropean,British"
860,p rosenberg,1,rosenberg,"GreaterEuropean,Jewish"
861,p satia,1,satia,"Asian,IndianSubContinent"
862,p scully,1,scully,"GreaterEuropean,British"
863,p soirila,1,soirila,"GreaterEuropean,WestEuropean,Hispanic"
864,p van mensch,1,van mensch,"GreaterEuropean,WestEuropean,Germanic"
895,r hourcade,1,hourcade,"GreaterEuropean,WestEuropean,French"
897,r jones,1,jones,"GreaterEuropean,British"
956,s perenne,1,perenne,"GreaterEuropean,WestEuropean,French"
942,s franses,1,franses,"GreaterEuropean,WestEuropean,Hispanic"
930,rss register,1,register,"GreaterEuropean,British"
931,rss super,1,super,"GreaterEuropean,British"
932,rw hoge,1,hoge,"GreaterEuropean,British"
933,s adams,1,adams,"GreaterEuropean,British"
934,s africa,1,africa,"GreaterEuropean,WestEuropean,Italian"
935,s amador,1,amador,"GreaterEuropean,Jewish"
936,s antoniadou,1,antoniadou,"GreaterAfrican,Africans"
937,s awad,1,awad,"GreaterAfrican,Muslim"
938,s borelli,1,borelli,"GreaterEuropean,WestEuropean,Italian"
939,s bracken,1,bracken,"GreaterEuropean,British"
940,s conn,1,conn,"GreaterEuropean,British"
941,s cousin,1,cousin,"GreaterEuropean,WestEuropean,French"
943,s haley,1,haley,"GreaterEuropean,British"
928,rp epoh edjangue,1,epoh edjangue,"GreaterAfrican,Africans"
944,s houpt,1,houpt,"GreaterEuropean,British"
945,s jenkins,1,jenkins,"GreaterEuropean,British"
946,s kiwara-wilson,1,kiwara-wilson,"GreaterEuropean,Jewish"
947,s lair,1,lair,"GreaterEuropean,British"
948,s lipponen,1,lipponen,"GreaterEuropean,British"
20,a feldman,1,feldman,"GreaterEuropean,Jewish"
950,s lorusso,1,lorusso,"GreaterEuropean,WestEuropean,Italian"
951,s lunden,1,lunden,"GreaterEuropean,British"
952,s manacorda,1,manacorda,"GreaterEuropean,WestEuropean,Hispanic"
953,s martens,1,martens,"GreaterEuropean,WestEuropean,French"
954,s martin,1,martin,"GreaterEuropean,British"
955,s pepin,1,pepin,"GreaterEuropean,WestEuropean,French"
929,rss embed,1,embed,"GreaterEuropean,British"
927,ro maledo,1,maledo,"GreaterEuropean,WestEuropean,Hispanic"
898,r kapuscinski,1,kapuscinski,"GreaterEuropean,EastEuropean"
912,r zaugg,1,zaugg,"GreaterEuropean,British"
899,r lejeune,1,lejeune,"GreaterEuropean,WestEuropean,French"
900,r mackenzie-gray scott,1,mackenzie-gray scott,"GreaterEuropean,British"
901,r majeed,1,majeed,"Asian,IndianSubContinent"
902,r mason,1,mason,"GreaterEuropean,British"
903,r ostow,1,ostow,"GreaterEuropean,British"
904,r paskoff,1,paskoff,"GreaterEuropean,Jewish"
906,r riquet,1,riquet,"GreaterEuropean,WestEuropean,French"
907,r robinson,1,robinson,"GreaterEuropean,British"
908,r simon,1,simon,"GreaterEuropean,Jewish"
909,r skeates,1,skeates,"GreaterEuropean,British"
910,r suteau,1,suteau,"GreaterEuropean,WestEuropean,French"
911,r van wyk,1,van wyk,"GreaterEuropean,British"
913,ra bickers,1,bickers,"GreaterEuropean,British"
926,ro boy,1,boy,"GreaterEuropean,British"
914,ra lobban jr,1,lobban jr,"GreaterEuropean,British"
915,re bieder,1,bieder,"GreaterEuropean,WestEuropean,Germanic"
23,a france,1,france,"GreaterEuropean,British"
917,rf sumner,1,sumner,"GreaterEuropean,British"
22,a forces,1,forces,"GreaterEuropean,British"
919,rj kahn,1,kahn,"GreaterEuropean,Jewish"
920,rj thomas,1,thomas,"GreaterEuropean,British"
21,a fenemigho,1,fenemigho,"GreaterAfrican,Africans"
922,rl omgba,1,omgba,"GreaterAfrican,Africans"
923,rmb deventer,1,deventer,"GreaterEuropean,British"
924,rms titanic,1,titanic,"GreaterEuropean,WestEuropean,French"
925,rn nwabueze,1,nwabueze,"GreaterAfrican,Africans"
597,k alemdjrodo,1,alemdjrodo,"GreaterAfrican,Africans"
594,jsc afele,1,afele,"GreaterEuropean,British"
595,jvs megaw,1,megaw,"GreaterEuropean,British"
231,c williams,1,williams,"GreaterEuropean,British"
264,d childs,1,childs,"GreaterEuropean,British"
265,d damic-bohac,1,damic-bohac,"GreaterAfrican,Muslim"
266,d de girolamo,1,de girolamo,"GreaterEuropean,WestEuropean,Hispanic"
267,d duhennois,1,duhennois,"GreaterEuropean,WestEuropean,French"
268,d fincham,1,fincham,"GreaterEuropean,British"
269,d foliard,1,foliard,"GreaterEuropean,WestEuropean,French"
270,d fontanaz,1,fontanaz,"GreaterEuropean,WestEuropean,Hispanic"
271,d fontannaz,1,fontannaz,"GreaterEuropean,WestEuropean,Hispanic"
87,a yehouetome,1,yehouetome,"GreaterAfrican,Africans"
274,d garrard,1,garrard,"GreaterEuropean,WestEuropean,French"
275,d gill,1,gill,"Asian,IndianSubContinent"
276,d gillman,1,gillman,"GreaterEuropean,British"
277,d hamill,1,hamill,"GreaterEuropean,British"
86,a winiger,1,winiger,"GreaterEuropean,British"
279,d knoepfler,1,knoepfler,"GreaterEuropean,Jewish"
280,d lindenberg,1,lindenberg,"GreaterEuropean,Jewish"
282,d malaquais,1,malaquais,"GreaterEuropean,WestEuropean,French"
283,d munjeri,1,munjeri,"Asian,IndianSubContinent"
284,d newall,1,newall,"GreaterEuropean,British"
285,d oriakhogba,1,oriakhogba,"GreaterAfrican,Africans"
286,d pardo,1,pardo,"GreaterEuropean,WestEuropean,Hispanic"
287,d pett,1,pett,"GreaterEuropean,British"
288,d quintern,1,quintern,"GreaterEuropean,British"
289,d sully,1,sully,"GreaterEuropean,British"
290,d tisone-bartels,1,tisone-bartels,"GreaterEuropean,British"
291,d urvoy,1,urvoy,"GreaterEuropean,WestEuropean,French"
292,d valerian,1,valerian,"GreaterEuropean,WestEuropean,French"
263,d chappell,1,chappell,"GreaterEuropean,British"
262,d cannadine,1,cannadine,"GreaterEuropean,WestEuropean,Italian"
261,d butt,1,butt,"GreaterEuropean,British"
246,cm stenhouse,1,stenhouse,"GreaterEuropean,British"
234,ca dixon,1,dixon,"GreaterEuropean,British"
235,cc d'assoucy,1,d'assoucy,"GreaterEuropean,WestEuropean,French"
236,cc objects,1,objects,"GreaterEuropean,British"
237,ch favrod,1,favrod,"GreaterEuropean,WestEuropean,French"
238,ch. p.,1,p.,"GreaterEuropean,WestEuropean,French"
92,aa see,1,see,"GreaterEuropean,British"
91,aa kothari,1,kothari,"Asian,IndianSubContinent"
241,ck knox,1,knox,"GreaterEuropean,British"
242,cl green,1,green,"GreaterEuropean,British"
243,clf desnoyer,1,desnoyer,"GreaterEuropean,WestEuropean,French"
244,cm brand,1,brand,"GreaterEuropean,British"
90,aa bauer,1,bauer,"GreaterEuropean,WestEuropean,Germanic"
247,cr decorse,1,decorse,"GreaterEuropean,British"
260,d brahimi,1,brahimi,"GreaterAfrican,Muslim"
248,cr homer,1,homer,"GreaterEuropean,British"
249,cs ferguson,1,ferguson,"GreaterEuropean,British"
250,cs forbes,1,forbes,"GreaterEuropean,British"
251,cs keener,1,keener,"GreaterEuropean,British"
252,cs quinones vila,1,quinones vila,"GreaterEuropean,WestEuropean,Italian"
253,cs smith,1,smith,"GreaterEuropean,British"
254,csq vila,1,vila,"GreaterEuropean,WestEuropean,Hispanic"
255,ct mtotha,1,mtotha,"GreaterAfrican,Africans"
256,d aamir,1,aamir,"GreaterAfrican,Muslim"
89,aa adewunmi,1,adewunmi,"GreaterAfrican,Africans"
258,d alberge,1,alberge,"GreaterEuropean,WestEuropean,Nordic"
259,d apostolos-cappadona,1,apostolos-cappadona,"GreaterEuropean,WestEuropean,Italian"
293,dc conrad,1,conrad,"GreaterEuropean,British"
294,dc turack,1,turack,"GreaterEuropean,British"
295,ddupet du beau,1,du beau,"GreaterEuropean,WestEuropean,French"
339,e pinon escudero,1,pinon escudero,"GreaterEuropean,WestEuropean,Italian"
327,e kreis,1,kreis,"GreaterEuropean,Jewish"
328,e labat,1,labat,"GreaterEuropean,WestEuropean,French"
329,e lehrer,1,lehrer,"GreaterEuropean,Jewish"
330,e libonati,1,libonati,"GreaterEuropean,WestEuropean,Italian"
331,e lincot,1,lincot,"GreaterEuropean,WestEuropean,French"
332,e lucie-smith,1,lucie-smith,"GreaterEuropean,British"
333,e manikowska,1,manikowska,"GreaterEuropean,EastEuropean"
334,e matenga,1,matenga,"GreaterAfrican,Africans"
335,e neumann,1,neumann,"GreaterEuropean,WestEuropean,Germanic"
336,e odokuma,1,odokuma,"Asian,GreaterEastAsian,Japanese"
337,e ogboh,1,ogboh,"GreaterAfrican,Africans"
338,e pearson,1,pearson,"GreaterEuropean,British"
340,e pye,1,pye,"GreaterEuropean,British"
325,e gibbons,1,gibbons,"GreaterEuropean,British"
341,e rankin,1,rankin,"GreaterEuropean,Jewish"
342,e thirault,1,thirault,"GreaterEuropean,WestEuropean,French"
343,e vratskidou,1,vratskidou,"GreaterEuropean,EastEuropean"
344,e waterton,1,waterton,"GreaterEuropean,British"
345,e zarrini,1,zarrini,"GreaterEuropean,WestEuropean,Italian"
346,ea king,1,king,"GreaterEuropean,British"
347,ea klesmith,1,klesmith,"GreaterEuropean,WestEuropean,Nordic"
348,ec ejiogu,1,ejiogu,"GreaterAfrican,Africans"
349,ec onyeozili,1,onyeozili,"GreaterAfrican,Africans"
350,ee curtis,1,curtis,"GreaterEuropean,British"
351,ee patrick,1,patrick,"GreaterEuropean,British"
352,eh matthes,1,matthes,"GreaterEuropean,British"
326,e haerinck,1,haerinck,"GreaterEuropean,British"
324,e gbadegesin,1,gbadegesin,"GreaterAfrican,Muslim"
296,de mcfarlane,1,mcfarlane,"GreaterEuropean,British"
309,e bazan,1,bazan,"GreaterEuropean,WestEuropean,French"
297,desp le systeme,1,le systeme,"GreaterEuropean,WestEuropean,French"
298,df jung,1,jung,"Asian,GreaterEastAsian,EastAsian"
299,dg romano,1,romano,"GreaterEuropean,WestEuropean,Italian"
300,dm causa,1,causa,"GreaterEuropean,WestEuropean,Hispanic"
301,ds scott,1,scott,"GreaterEuropean,British"
302,dy ho,1,ho,"Asian,GreaterEastAsian,EastAsian"
303,e accad,1,accad,"GreaterAfrican,Muslim"
304,e adamowicz,1,adamowicz,"GreaterEuropean,Jewish"
305,e aguila,1,aguila,"GreaterEuropean,WestEuropean,Hispanic"
306,e akenzua,1,akenzua,"GreaterAfrican,Africans"
307,e arapi,1,arapi,"GreaterEuropean,WestEuropean,Italian"
84,a wallace,1,wallace,"GreaterEuropean,British"
310,e bertho,1,bertho,"GreaterEuropean,WestEuropean,Italian"
81,a visconti,1,visconti,"GreaterEuropean,WestEuropean,Italian"
311,e boudiere,1,boudiere,"GreaterEuropean,WestEuropean,French"
312,e campfens,1,campfens,"GreaterEuropean,British"
313,e carnegie,1,carnegie,"GreaterEuropean,British"
314,e cherel,1,cherel,"GreaterEuropean,WestEuropean,French"
315,e coffield,1,coffield,"GreaterEuropean,British"
83,a walker,1,walker,"GreaterEuropean,British"
317,e de la heronniere,1,de la heronniere,"GreaterEuropean,WestEuropean,French"
318,e demuynck,1,demuynck,"GreaterEuropean,WestEuropean,French"
319,e duthie,1,duthie,"GreaterEuropean,British"
82,a volante,1,volante,"GreaterEuropean,WestEuropean,French"
321,e eyo,1,eyo,"GreaterEuropean,British"
322,e feau,1,feau,"GreaterEuropean,WestEuropean,French"
233,c woodhead,1,woodhead,"GreaterEuropean,British"
230,c welling,1,welling,"GreaterEuropean,British"
110,am petrequin,1,petrequin,"GreaterEuropean,WestEuropean,French"
229,c war,1,war,"GreaterEuropean,British"
141,b l'estoile,1,l'estoile,"GreaterEuropean,WestEuropean,French"
106,am brandstetter,1,brandstetter,"GreaterEuropean,British"
143,b lehoczki,1,lehoczki,"GreaterEuropean,Jewish"
144,b mauro,1,mauro,"GreaterEuropean,WestEuropean,Italian"
145,b meehan,1,meehan,"GreaterEuropean,British"
146,b melchior-bonnet,1,melchior-bonnet,"GreaterEuropean,British"
147,b nadia,1,nadia,"Asian,IndianSubContinent"
148,b okpara,1,okpara,"GreaterAfrican,Africans"
149,b overlaet,1,overlaet,"GreaterEuropean,British"
150,b party,1,party,"GreaterEuropean,British"
151,b pavelin lesic,1,pavelin lesic,"GreaterEuropean,WestEuropean,Italian"
152,b plankensteiner,1,plankensteiner,"GreaterEuropean,Jewish"
153,b putova,1,putova,"GreaterEuropean,EastEuropean"
105,alb sargent,1,sargent,"GreaterEuropean,WestEuropean,French"
155,b sebe,1,sebe,"Asian,IndianSubContinent"
156,b tillier,1,tillier,"GreaterEuropean,WestEuropean,French"
157,b vincent,1,vincent,"GreaterEuropean,British"
158,baa sodipo,1,sodipo,"GreaterEuropean,WestEuropean,Italian"
159,bc see,1,see,"GreaterEuropean,British"
104,al conklin,1,conklin,"GreaterEuropean,British"
161,be inekwere,1,inekwere,"GreaterAfrican,Africans"
162,bg gelmini,1,gelmini,"GreaterEuropean,WestEuropean,Italian"
163,bga dal,1,dal,"Asian,IndianSubContinent"
164,bj butler,1,butler,"GreaterEuropean,British"
165,bj collins,1,collins,"GreaterEuropean,British"
166,bk stevens,1,stevens,"GreaterEuropean,British"
167,bm brilhante,1,brilhante,"GreaterEuropean,WestEuropean,Hispanic"
107,am galdy,1,galdy,"GreaterEuropean,British"
139,b hauserschaublin,1,hauserschaublin,"GreaterEuropean,Jewish"
138,b hallen,1,hallen,"GreaterEuropean,British"
123,b amory,1,amory,"GreaterEuropean,WestEuropean,French"
111,ame eriksson,1,eriksson,"GreaterEuropean,WestEuropean,Nordic"
112,ao echekwube,1,echekwube,"GreaterEuropean,WestEuropean,Germanic"
108,am maples,1,maples,"GreaterEuropean,British"
114,apc de cerqueira,1,de cerqueira,"GreaterEuropean,WestEuropean,Hispanic"
115,art premier,1,premier,"GreaterEuropean,WestEuropean,French"
116,as ribeiro,1,ribeiro,"GreaterEuropean,WestEuropean,Hispanic"
117,as thompson,1,thompson,"GreaterEuropean,British"
118,au togo,1,togo,"GreaterEuropean,WestEuropean,French"
119,aw von schlegel,1,von schlegel,"GreaterEuropean,WestEuropean,Germanic"
120,b abescat,1,abescat,"GreaterEuropean,WestEuropean,French"
121,b adebiyi,1,adebiyi,"GreaterAfrican,Africans"
122,b agozino,1,agozino,"GreaterEuropean,WestEuropean,Italian"
124,b anderson,1,anderson,"GreaterEuropean,British"
137,b gough,1,gough,"GreaterEuropean,British"
125,b buddhas,1,buddhas,"GreaterEuropean,British"
126,b damian,1,damian,"Asian,GreaterEastAsian,EastAsian"
127,b derlon,1,derlon,"GreaterEuropean,British"
128,b devillers,1,devillers,"GreaterEuropean,British"
129,b diamitani,1,diamitani,"GreaterEuropean,WestEuropean,Italian"
130,b dupaigne,1,dupaigne,"GreaterEuropean,WestEuropean,French"
131,b falcucci,1,falcucci,"GreaterEuropean,WestEuropean,Italian"
132,b falola,1,falola,"GreaterEuropean,WestEuropean,Italian"
133,b forclaz,1,forclaz,"GreaterEuropean,WestEuropean,Hispanic"
134,b gaudenzi,1,gaudenzi,"GreaterEuropean,WestEuropean,Italian"
135,b gissibl,1,gissibl,"GreaterEuropean,EastEuropean"
136,b gobille,1,gobille,"GreaterEuropean,British"
168,br ambedkar,1,ambedkar,"Asian,IndianSubContinent"
169,bw blackmun,1,blackmun,"GreaterEuropean,British"
170,bw kankpeyeng,1,kankpeyeng,"GreaterAfrican,Africans"
215,c roodt,1,roodt,"GreaterEuropean,British"
203,c maisondieu,1,maisondieu,"GreaterEuropean,WestEuropean,French"
204,c malingre,1,malingre,"GreaterEuropean,WestEuropean,French"
205,c maurel,1,maurel,"GreaterEuropean,WestEuropean,French"
206,c menegazzi,1,menegazzi,"GreaterEuropean,WestEuropean,Italian"
207,c moore,1,moore,"GreaterEuropean,British"
208,c ndubuisi,1,ndubuisi,"GreaterAfrican,Africans"
209,c pagani,1,pagani,"GreaterEuropean,WestEuropean,Italian"
210,c panella,1,panella,"GreaterEuropean,WestEuropean,Italian"
211,c petridis,1,petridis,"GreaterEuropean,WestEuropean,Italian"
212,c prescod,1,prescod,"GreaterEuropean,British"
100,ak hamm,1,hamm,"GreaterEuropean,WestEuropean,Germanic"
99,ah hellman,1,hellman,"GreaterEuropean,Jewish"
216,c schmid,1,schmid,"GreaterEuropean,Jewish"
201,c libman,1,libman,"GreaterEuropean,Jewish"
98,af roberts,1,roberts,"GreaterEuropean,British"
97,ae elsen,1,elsen,"GreaterEuropean,WestEuropean,Nordic"
219,c slogar,1,slogar,"GreaterEuropean,British"
220,c snyder,1,snyder,"GreaterEuropean,British"
221,c spring,1,spring,"GreaterEuropean,British"
95,ac unegbu,1,unegbu,"GreaterAfrican,Africans"
223,c stepanoff,1,stepanoff,"GreaterEuropean,EastEuropean"
224,c sylvester,1,sylvester,"GreaterEuropean,British"
94,abc see,1,see,"GreaterEuropean,British"
226,c tully,1,tully,"GreaterEuropean,British"
227,c vincent,1,vincent,"GreaterEuropean,British"
228,c voisenat,1,voisenat,"GreaterEuropean,WestEuropean,French"
202,c luke,1,luke,"GreaterEuropean,British"
200,c levi-strauss,1,levi-strauss,"GreaterEuropean,Jewish"
171,c andre,1,andre,"GreaterEuropean,WestEuropean,French"
185,c esche,1,esche,"GreaterEuropean,WestEuropean,French"
172,c archan,1,archan,"GreaterEuropean,British"
173,c beck,1,beck,"GreaterEuropean,British"
174,c buchillier,1,buchillier,"GreaterEuropean,WestEuropean,French"
175,c buta,1,buta,"GreaterEuropean,WestEuropean,Italian"
176,c coull,1,coull,"GreaterEuropean,British"
177,c dabone,1,dabone,"GreaterEuropean,WestEuropean,Italian"
178,c dartigue,1,dartigue,"GreaterEuropean,WestEuropean,French"
179,c de cesari,1,de cesari,"GreaterEuropean,WestEuropean,Italian"
180,c de toledo,1,de toledo,"GreaterEuropean,WestEuropean,Hispanic"
181,c de waal,1,de waal,"GreaterEuropean,WestEuropean,Germanic"
183,c dorignon,1,dorignon,"GreaterEuropean,WestEuropean,French"
184,c dulong,1,dulong,"Asian,GreaterEastAsian,EastAsian"
186,c eyene,1,eyene,"GreaterEuropean,British"
199,c leclaire,1,leclaire,"GreaterEuropean,WestEuropean,French"
187,c forrest,1,forrest,"GreaterEuropean,WestEuropean,French"
188,c gates,1,gates,"GreaterEuropean,British"
189,c ginzburg,1,ginzburg,"GreaterEuropean,Jewish"
190,c golomoz,1,golomoz,"GreaterEuropean,WestEuropean,Hispanic"
191,c hodeir,1,hodeir,"GreaterEuropean,British"
102,ak shima,1,shima,"Asian,GreaterEastAsian,Japanese"
193,c injustice,1,injustice,"GreaterEuropean,British"
194,c jeffery,1,jeffery,"GreaterEuropean,British"
101,ak latessa,1,latessa,"GreaterEuropean,WestEuropean,Hispanic"
196,c joy,1,joy,"Asian,IndianSubContinent"
197,c lauriere,1,lauriere,"GreaterEuropean,WestEuropean,French"
198,c le forestier,1,le forestier,"GreaterEuropean,WestEuropean,French"
353,eh wheat,1,wheat,"GreaterEuropean,British"
354,ej alagoa,1,alagoa,"GreaterEuropean,WestEuropean,Hispanic"
355,ej buglas,1,buglas,"GreaterEuropean,British"
356,ek agorsah,1,agorsah,"GreaterAfrican,Africans"
507,j berry,1,berry,"GreaterEuropean,British"
508,j birch,1,birch,"GreaterEuropean,British"
70,a shelton,1,shelton,"GreaterEuropean,British"
510,j burnet,1,burnet,"GreaterEuropean,WestEuropean,French"
511,j carlson,1,carlson,"GreaterEuropean,British"
512,j clifford,1,clifford,"GreaterEuropean,British"
513,j crampette,1,crampette,"GreaterEuropean,WestEuropean,French"
69,a sharma,1,sharma,"Asian,IndianSubContinent"
515,j curtis,1,curtis,"GreaterEuropean,British"
516,j de vries,1,de vries,"GreaterEuropean,WestEuropean,Germanic"
517,j di blasi,1,di blasi,"GreaterEuropean,WestEuropean,Italian"
518,j doris,1,doris,"GreaterEuropean,WestEuropean,French"
519,j farinella,1,farinella,"GreaterEuropean,WestEuropean,Italian"
520,j favour,1,favour,"GreaterAfrican,Muslim"
521,j figueiredo,1,figueiredo,"GreaterEuropean,WestEuropean,Hispanic"
522,j gasco,1,gasco,"GreaterEuropean,WestEuropean,Italian"
523,j greenfield,1,greenfield,"GreaterEuropean,British"
524,j guichardet,1,guichardet,"GreaterEuropean,WestEuropean,French"
525,j jordan,1,jordan,"GreaterEuropean,British"
526,j ki-zerbo,1,ki-zerbo,"GreaterAfrican,Africans"
527,j kociatkiewicz,1,kociatkiewicz,"GreaterEuropean,EastEuropean"
528,j kornfeld,1,kornfeld,"GreaterEuropean,Jewish"
529,j lippelt,1,lippelt,"GreaterEuropean,WestEuropean,Germanic"
530,j mack,1,mack,"GreaterEuropean,British"
531,j mauclere,1,mauclere,"GreaterEuropean,WestEuropean,French"
532,j mazel,1,mazel,"GreaterEuropean,WestEuropean,French"
533,j nawrocki,1,nawrocki,"GreaterEuropean,British"
506,j banks,1,banks,"GreaterEuropean,British"
505,j bailkin,1,bailkin,"GreaterEuropean,British"
504,is osaherumwen,1,osaherumwen,"GreaterAfrican,Africans"
489,i medah,1,medah,"GreaterAfrican,Africans"
477,hj missihoun,1,missihoun,"GreaterAfrican,Muslim"
478,hl bordier,1,bordier,"GreaterEuropean,WestEuropean,French"
479,hm makinster,1,makinster,"GreaterEuropean,British"
480,ho ukwuaba,1,ukwuaba,"GreaterAfrican,Africans"
481,hp francfort,1,francfort,"GreaterEuropean,British"
482,hr cohen,1,cohen,"GreaterEuropean,Jewish"
483,hs jones,1,jones,"GreaterEuropean,British"
484,i cisse,1,cisse,"GreaterAfrican,Africans"
485,i kala-lobe,1,kala-lobe,"GreaterAfrican,Africans"
486,i legally,1,legally,"GreaterEuropean,WestEuropean,French"
487,i liebenberg,1,liebenberg,"GreaterEuropean,Jewish"
488,i lindsay,1,lindsay,"GreaterEuropean,British"
490,i mensah,1,mensah,"GreaterAfrican,Africans"
503,ip nikel,1,nikel,"GreaterEuropean,Jewish"
71,a simon,1,simon,"GreaterEuropean,Jewish"
492,i reed,1,reed,"GreaterEuropean,British"
493,i senior,1,senior,"GreaterEuropean,British"
494,i van kessel,1,van kessel,"GreaterEuropean,WestEuropean,Germanic"
495,i vivan,1,vivan,"GreaterEuropean,British"
496,ib de oliveira,1,de oliveira,"GreaterEuropean,WestEuropean,Hispanic"
497,ib mccabe,1,mccabe,"GreaterEuropean,British"
498,idess de sante,1,de sante,"GreaterEuropean,WestEuropean,French"
499,ifv joubert-boitat,1,joubert-boitat,"GreaterEuropean,WestEuropean,French"
500,imf valente,1,valente,"GreaterEuropean,WestEuropean,Hispanic"
501,in le,1,le,"Asian,GreaterEastAsian,EastAsian"
502,in masiteng,1,masiteng,"GreaterAfrican,Africans"
68,a see,1,see,"GreaterEuropean,British"
535,j njoku,1,njoku,"GreaterAfrican,Africans"
536,j papadopoulos,1,papadopoulos,"GreaterEuropean,EastEuropean"
580,jm mackenzie,1,mackenzie,"GreaterEuropean,British"
568,jh edwards,1,edwards,"GreaterEuropean,British"
60,a rampersad,1,rampersad,"Asian,IndianSubContinent"
570,ji okonkwo,1,okonkwo,"GreaterAfrican,Africans"
571,jj amory,1,amory,"GreaterEuropean,WestEuropean,French"
572,jj brousson,1,brousson,"GreaterEuropean,WestEuropean,French"
573,jj maffre,1,maffre,"GreaterEuropean,WestEuropean,French"
574,jk gosling,1,gosling,"GreaterEuropean,British"
575,jkc nduka,1,nduka,"GreaterAfrican,Africans"
576,jl aikenhead,1,aikenhead,"GreaterEuropean,British"
577,jm basabe,1,basabe,"GreaterAfrican,Africans"
59,a postma,1,postma,"GreaterEuropean,EastEuropean"
579,jm dupain,1,dupain,"GreaterEuropean,WestEuropean,French"
581,jn lehman,1,lehman,"GreaterEuropean,British"
566,jg dean,1,dean,"GreaterEuropean,British"
58,a perloff-giles,1,perloff-giles,"GreaterEuropean,WestEuropean,Nordic"
583,jo haley,1,haley,"GreaterEuropean,British"
584,jo young,1,young,"GreaterEuropean,British"
585,jp barbier-mueller,1,barbier-mueller,"GreaterEuropean,British"
57,a pegoraro,1,pegoraro,"GreaterEuropean,WestEuropean,Italian"
587,jp fishman,1,fishman,"GreaterEuropean,British"
588,jp gourevitch,1,gourevitch,"GreaterEuropean,EastEuropean"
589,jp payot,1,payot,"GreaterEuropean,WestEuropean,French"
590,jr bouiller,1,bouiller,"GreaterEuropean,WestEuropean,French"
591,jr lytle,1,lytle,"GreaterEuropean,British"
592,jr young,1,young,"GreaterEuropean,British"
593,js amade,1,amade,"GreaterAfrican,Africans"
567,jg governale,1,governale,"GreaterEuropean,British"
565,je ocon,1,ocon,"GreaterEuropean,British"
537,j paquette,1,paquette,"GreaterEuropean,WestEuropean,French"
65,a ruffat,1,ruffat,"GreaterEuropean,WestEuropean,French"
538,j pellew,1,pellew,"GreaterEuropean,British"
67,a schmitt,1,schmitt,"GreaterEuropean,Jewish"
540,j rieucau,1,rieucau,"GreaterEuropean,WestEuropean,French"
541,j ryan,1,ryan,"GreaterEuropean,British"
542,j sallman,1,sallman,"GreaterEuropean,Jewish"
543,j shakeshaft,1,shakeshaft,"GreaterEuropean,Jewish"
66,a schaeffner,1,schaeffner,"GreaterEuropean,WestEuropean,Germanic"
545,j stapelfeldt,1,stapelfeldt,"GreaterEuropean,WestEuropean,Germanic"
546,j stewart,1,stewart,"GreaterEuropean,British"
547,j sugden,1,sugden,"GreaterEuropean,British"
548,j thiriot,1,thiriot,"GreaterEuropean,WestEuropean,French"
549,j trammell,1,trammell,"GreaterEuropean,British"
551,j van nijen,1,van nijen,"GreaterEuropean,WestEuropean,Germanic"
564,jd long,1,long,"GreaterEuropean,British"
552,j vivekanandan,1,vivekanandan,"Asian,IndianSubContinent"
553,j woodhouse,1,woodhouse,"GreaterEuropean,British"
64,a romaunt,1,romaunt,"GreaterEuropean,British"
555,ja hubbell,1,hubbell,"GreaterEuropean,British"
556,ja onimhawo,1,onimhawo,"GreaterAfrican,Africans"
63,a robinson,1,robinson,"GreaterEuropean,British"
62,a ricard,1,ricard,"GreaterEuropean,WestEuropean,French"
559,jb arnold,1,arnold,"GreaterEuropean,British"
560,jb kiethega,1,kiethega,"GreaterEuropean,British"
61,a renaissance,1,renaissance,"GreaterEuropean,WestEuropean,French"
562,jc klotchkoff,1,klotchkoff,"GreaterEuropean,EastEuropean"
563,jc youngblood,1,youngblood,"GreaterEuropean,British"
476,hj drewal,1,drewal,"Asian,IndianSubContinent"
475,het aujourd'hui,1,aujourd'hui,"GreaterAfrican,Muslim"
474,ha regis,1,regis,"GreaterEuropean,WestEuropean,French"
399,fb musonda,1,musonda,"GreaterAfrican,Africans"
387,f lenzerini,1,lenzerini,"GreaterEuropean,WestEuropean,Italian"
388,f mairesse,1,mairesse,"GreaterEuropean,WestEuropean,French"
389,f mugnaini,1,mugnaini,"GreaterEuropean,WestEuropean,Italian"
390,f regattin,1,regattin,"GreaterEuropean,WestEuropean,French"
78,a sylla,1,sylla,"GreaterAfrican,Africans"
77,a swenson,1,swenson,"GreaterEuropean,British"
393,f siegenthaler,1,siegenthaler,"GreaterEuropean,Jewish"
394,f thieriot,1,thieriot,"GreaterEuropean,WestEuropean,French"
395,f vander velden,1,vander velden,"GreaterEuropean,WestEuropean,Germanic"
396,f wey,1,wey,"GreaterEuropean,British"
397,f willett,1,willett,"GreaterEuropean,British"
398,fa stone,1,stone,"GreaterEuropean,British"
400,fe feller,1,feller,"GreaterEuropean,British"
385,f lasserre,1,lasserre,"GreaterEuropean,WestEuropean,French"
401,fo shaka,1,shaka,"GreaterEuropean,Jewish"
402,fw veys,1,veys,"GreaterEuropean,WestEuropean,French"
403,g almond,1,almond,"GreaterEuropean,British"
404,g candela,1,candela,"GreaterEuropean,WestEuropean,Hispanic"
405,g chuzel,1,chuzel,"GreaterEuropean,WestEuropean,French"
406,g ciarcia,1,ciarcia,"GreaterEuropean,WestEuropean,Hispanic"
407,g clavreuil,1,clavreuil,"GreaterEuropean,WestEuropean,French"
408,g corsane,1,corsane,"GreaterEuropean,WestEuropean,Italian"
409,g ezeanuna,1,ezeanuna,"GreaterAfrican,Africans"
410,g kruger,1,kruger,"GreaterEuropean,Jewish"
411,g levin,1,levin,"GreaterEuropean,Jewish"
412,g lewis,1,lewis,"GreaterEuropean,British"
386,f le moine,1,le moine,"GreaterEuropean,WestEuropean,French"
384,f lafarge,1,lafarge,"GreaterEuropean,WestEuropean,French"
414,g maza,1,maza,"GreaterAfrican,Muslim"
369,f barker,1,barker,"GreaterEuropean,British"
357,ek poulter,1,poulter,"GreaterEuropean,British"
358,em ebisi,1,ebisi,"GreaterEuropean,WestEuropean,Italian"
359,em spiers,1,spiers,"GreaterEuropean,British"
360,em taylor,1,taylor,"GreaterEuropean,British"
361,eme burri,1,burri,"GreaterEuropean,WestEuropean,Italian"
362,en arinze,1,arinze,"GreaterEuropean,WestEuropean,French"
363,en namhila,1,namhila,"Asian,IndianSubContinent"
364,eo emama,1,emama,"Asian,GreaterEastAsian,Japanese"
365,ep effiboley,1,effiboley,"GreaterAfrican,Africans"
366,et la memoire,1,la memoire,"GreaterEuropean,WestEuropean,French"
367,f adelegan,1,adelegan,"GreaterAfrican,Africans"
368,f ardhuin,1,ardhuin,"GreaterEuropean,British"
370,f blaizot,1,blaizot,"GreaterEuropean,WestEuropean,French"
383,f kunth,1,kunth,"Asian,IndianSubContinent"
80,a turpin,1,turpin,"GreaterEuropean,British"
372,f booth,1,booth,"GreaterEuropean,British"
373,f cordier,1,cordier,"GreaterEuropean,WestEuropean,French"
374,f de birague,1,de birague,"GreaterEuropean,WestEuropean,French"
375,f de galardi,1,de galardi,"GreaterEuropean,WestEuropean,Hispanic"
376,f desmarais,1,desmarais,"GreaterEuropean,WestEuropean,French"
377,f du chesne,1,du chesne,"GreaterEuropean,WestEuropean,French"
378,f epaud,1,epaud,"GreaterEuropean,WestEuropean,French"
79,a thiemann,1,thiemann,"GreaterEuropean,WestEuropean,Germanic"
380,f grognet,1,grognet,"GreaterEuropean,WestEuropean,French"
381,f keck,1,keck,"GreaterEuropean,British"
382,f kuitenbrouwer,1,kuitenbrouwer,"GreaterEuropean,WestEuropean,Germanic"
413,g liakos,1,liakos,"GreaterEuropean,WestEuropean,Italian"
76,a subramanian,1,subramanian,"Asian,IndianSubContinent"
473,h zhong,1,zhong,"Asian,GreaterEastAsian,EastAsian"
459,h guillaud,1,guillaud,"GreaterEuropean,WestEuropean,French"
447,h de balzac,1,de balzac,"GreaterEuropean,WestEuropean,French"
448,h de laguerenne,1,de laguerenne,"GreaterEuropean,WestEuropean,French"
449,h deblock,1,deblock,"GreaterEuropean,WestEuropean,French"
450,h delaborde,1,delaborde,"GreaterEuropean,WestEuropean,French"
451,h deschamps,1,deschamps,"GreaterEuropean,WestEuropean,French"
452,h favre,1,favre,"GreaterEuropean,WestEuropean,French"
453,h ferrand,1,ferrand,"GreaterEuropean,British"
454,h fuller,1,fuller,"GreaterEuropean,British"
455,h geismar,1,geismar,"GreaterEuropean,Jewish"
456,h gold,1,gold,"GreaterEuropean,Jewish"
457,h gottesdiener,1,gottesdiener,"GreaterEuropean,WestEuropean,Italian"
458,h grace,1,grace,"GreaterEuropean,British"
74,a stonehouse,1,stonehouse,"GreaterEuropean,British"
445,h clout,1,clout,"GreaterEuropean,WestEuropean,French"
461,h ivanoff,1,ivanoff,"GreaterEuropean,EastEuropean"
462,h kaplinsky,1,kaplinsky,"GreaterEuropean,EastEuropean"
463,h larcier,1,larcier,"GreaterEuropean,WestEuropean,French"
73,a stephenson,1,stephenson,"GreaterEuropean,British"
465,h lidchi,1,lidchi,"GreaterEuropean,WestEuropean,Italian"
466,h moniot,1,moniot,"GreaterEuropean,WestEuropean,French"
467,h motefindt,1,motefindt,"GreaterEuropean,WestEuropean,French"
468,h silverman,1,silverman,"GreaterEuropean,Jewish"
469,h solomon,1,solomon,"GreaterEuropean,Jewish"
470,h staff,1,staff,"GreaterEuropean,EastEuropean"
72,a sofroniou,1,sofroniou,"GreaterEuropean,WestEuropean,French"
472,h woodard,1,woodard,"GreaterEuropean,British"
446,h cotter,1,cotter,"GreaterEuropean,British"
444,h bjorklund,1,bjorklund,"GreaterEuropean,WestEuropean,Nordic"
416,g minois,1,minois,"Asian,GreaterEastAsian,Japanese"
429,ga naba,1,naba,"GreaterAfrican,Africans"
417,g papadopoulos,1,papadopoulos,"GreaterEuropean,EastEuropean"
418,g pooke,1,pooke,"GreaterEuropean,British"
419,g reichelt,1,reichelt,"GreaterEuropean,WestEuropean,Germanic"
420,g robertson,1,robertson,"GreaterEuropean,British"
421,g rodrigues,1,rodrigues,"GreaterEuropean,WestEuropean,Hispanic"
422,g semper,1,semper,"GreaterEuropean,British"
423,g usry,1,usry,"Asian,IndianSubContinent"
424,g vasey,1,vasey,"GreaterEuropean,British"
425,g viv,1,viv,"GreaterEuropean,British"
426,g wijesuriya,1,wijesuriya,"Asian,IndianSubContinent"
427,g zacharys,1,zacharys,"GreaterEuropean,WestEuropean,French"
428,ga brown,1,brown,"GreaterEuropean,British"
430,gac baettig,1,baettig,"GreaterEuropean,WestEuropean,Nordic"
443,h bicheno,1,bicheno,"GreaterEuropean,WestEuropean,Hispanic"
431,gas o'connor,1,o'connor,"GreaterEuropean,British"
432,gbn ayittey,1,ayittey,"GreaterEuropean,British"
433,gc chat,1,chat,"Asian,GreaterEastAsian,EastAsian"
434,ge code,1,code,"GreaterEuropean,British"
435,gg nobili,1,nobili,"GreaterEuropean,WestEuropean,Italian"
436,gic garza,1,garza,"GreaterEuropean,WestEuropean,Italian"
437,gj bennett,1,bennett,"GreaterEuropean,British"
75,a studio,1,studio,"GreaterEuropean,WestEuropean,Italian"
439,gla harris,1,harris,"GreaterEuropean,British"
440,glf chouin,1,chouin,"GreaterEuropean,WestEuropean,French"
441,gm graham,1,graham,"GreaterEuropean,British"
442,gn arua,1,arua,"Asian,GreaterEastAsian,Japanese"
1078,んー,1,,"GreaterEuropean,WestEuropean,French"
